{
    "emails": [

        {
            "group": "Today April 23",
            "list": [{
                "id": 1,
                "subject": "Pages - Multi-Purpose Admin Template Revolution Begins here!",
                "to": ["David Nester", "Jane Smith"],
                "body": "<p>Dear Sir or Madam:<br></p><p><br>I have recently ordered a new pair of soccer cleats (item #6542951) from your website on June 21. I received the order on June 26. Unfortunately, when I opened it, I saw that the cleats were used. The cleats had dirt all over it and there was a small tear in front of the part where the left toe would go.  My order number is AF26168156.<br></p><p><br>To resolve the problem, I would like you to credit my account for the amount charged for my cleats; I have already went out and bought a new pair of cleats at my local sporting goods store so sending another would result in me having two pairs of the same cleats.<br></p><p><br>Than you for taking the time to read this letter.  I have been a satisfied customer of your company for many years and this is the first time I have encountered a problem.  If you need to contact me, you can reach me at (555) 555-5555.<br><br><br><br>Sincerely,<br></p><p><br><i>Signature</i></p> ",
                "time": "5 Mins ago",
                "datetime" : "Today at 1:33pm",
                "from": "David Nester",
                "dp": "assets/img/profiles/avatar.jpg",
                "dpRetina": "assets/img/profiles/avatar2x.jpg",
                "color": "b-success"
            }, {
                "id": 2,
                "subject": "Your site has some very imaginative animation /movement, especially the Sluggo! ",
                "to": ["Anne Simons"],
                "body": "<p>Dear Kristen:<br>I saw your listing on Craigslist.com for a website designer for your tee-shirt company. I'm attaching my resume even though it doesn't list my extensive tee-shirt folding experience. :)<br><br>Your site has some very imaginative animation/movement, especially the Sluggo! I look forward to talking with you about how I may be of help.<br>Lillian Black</p> ",
                "time": "45 mins ago",
                "datetime" : "Today at 1:33pm",
                "from": "Anne Simons",
                "dp": "assets/img/profiles/5.jpg",
                "dpRetina": "assets/img/profiles/5x.jpg",
                "color": "b-primary"
            }, {
                "id": 3,
                "subject": "Recently ordered a new pair of soccer cleats from your website on June 21",
                "to": ["Herald Menster"],
                "body": "<p><br>Dear Colleagues:<br></p><p><br>As some of you may already be aware, I will be leaving my job at Acme Corp shortly.  My last day will be next Friday.  I have come across a new opportunity that I could just not pass up.<br></p><p><br>I would like to thank all of you for your support during my tenure here at Acme Corp.  I have learned a great deal here and will definetly miss all of you.  I especially enjoyed the afternoon talks by the water cooler.<br></p><p><br>I would love to keep in touch with you; I can reach me at my personal e-mail address at roger@email.com.<br></p><p><br>Sincerely,<br></p><p><br>Roger Williamson<br><br>Senior Compliance Analyst<br><br><br><br></p> ",
                "time": "1:33pm",
                "datetime" : "Today at 1:33pm",
                "from": "David Nester",
                "dp": "assets/img/profiles/a.jpg",
                "dpRetina": "assets/img/profiles/a2x.jpg",
                "color": "b-warning"
            }, {
                "id": 4,
                "subject": "Everything here, Made Just for you :)",
                "to": ["John Doe"],
                "body": "<p>Dear Ms. Hillman,<br><br>Thank you for spending such quality time with me yesterday. I especially enjoyed hearing about your business goals for the next five years, and found myself sharing your vision of 32 new branches in New York by 2011.One point I forgot to mention when we spoke: I worked closely with my current supervisor to develop the training program now used in all new Eureka Savings offices nationwide.<br>I appreciate you giving me your direct phone number. I’ll call you in two weeks, as you suggested, once your applicant review is completed. </p> ",
                "time": "11:23am",
                "datetime" : "Today at 11:23am",
                "from": "David Nester",
                "dp": "assets/img/profiles/9.jpg",
                "dpRetina": "assets/img/profiles/9x.jpg",
                "color": "b-complete"
            }, {
                "id": 5,
                "subject": "Simplicity is the ultimate sophistication",
                "to": ["John Doe", "Anne Simons"],
                "body": "<p> A man's favorite donkey falls into a deep precipice; <br>He can't pull it out no matter how hard he tries; <br>He therefore decides to bury it alive. <br><br>Soil is poured onto the donkey from above. <br>The donkey feels the load, shakes it off, and steps on it; <br>More soil is poured. <br><br>It shakes it off and steps up; <br>The more the load was poured, the higher it rose; <br>By noon, the donkey was grazing in green pastures. <br><br>After much shaking off (of problems) <br>And stepping up (learning from them), <br>One will graze in GREEN PASTURES.</p> ",
                "time": "10:33pm",
                "datetime" : "Today at 10:33pm",
                "from": "David Nester",
                "dp": "assets/img/profiles/ba.jpg",
                "dpRetina": "assets/img/profiles/ba2x.jpg",
                "color": "b-success"
            }]
        }, {
            "group": "Yesterday April 22",
            "list": [{
                "id": 6,
                "subject": "Good design is obvious. Great design is transparent",
                "to": ["John Doe", "Anne Simons"],
                "body": "<p>Lorem ipsum dolor sit amet, consectetur adipiscing elit. Morbi sodales, velit at laoreet hendrerit, tellus dui aliquet est, ac cursus velit erat et est. Quisque vitae tortor nibh. Aliquam ornare, augue ac pulvinar euismod, mi felis cursus nisl, non ultrices lacus turpis sit amet lacus. Vestibulum in lacus ut augue tincidunt lobortis id quis mauris. Morbi at fringilla lectus, non consectetur ante. Duis eleifend quis eros eu vulputate. Praesent sit amet dolor eros. Ut aliquam eros sed ante facilisis, ac venenatis diam feugiat.</p><p>Phasellus est massa, luctus eget volutpat id, semper nec elit. Nam ligula nunc, pharetra ac sodales porta, consectetur in est. Suspendisse mauris mauris, sagittis eu tristique ac, lacinia sed nisl. Nulla ut eros ac erat dignissim pellentesque sit amet ut tellus. Nunc at risus sed lacus commodo fringilla. Curabitur laoreet condimentum facilisis. Donec eget pellentesque massa.</p> ",
                "time": "1:33pm",
                "datetime" : "Today at 1:33pm",
                "from": "David Nester",
                "dp": "assets/img/profiles/b.jpg",
                "dpRetina": "assets/img/profiles/b2x.jpg",
                "color": "b-success"
            }, {
                "id": 7,
                "subject": "Your site has some very imaginative animation /movement, especially the Sluggo! ",
                "to": ["Anne Simons"],
                "body": "<p>Dear Kristen:<br>I saw your listing on Craigslist.com for a website designer for your tee-shirt company. I'm attaching my resume even though it doesn't list my extensive tee-shirt folding experience. :)<br><br>Your site has some very imaginative animation/movement, especially the Sluggo! I look forward to talking with you about how I may be of help.<br>Lillian Black</p> ",
                "time": "45 mins ago",
                "datetime" : "Today at 1:33pm",
                "from": "Anne Simons",
                "dp": "assets/img/profiles/5.jpg",
                "dpRetina": "assets/img/profiles/5x.jpg",
                "color": "b-success"
            }, {
                "id": 8,
                "subject": "Aliquam est tellus, fringilla egestas fermentum quis",
                "to": ["John Doe", "Anne Simons"],
                "body": "<p> Morbi mauris dui, sollicitudin ut ipsum nec, porta malesuada justo. In eget tempor lacus. In dapibus, mi id tempor mattis, orci dolor hendrerit mauris, a aliquam purus tellus id ipsum. Praesent id turpis metus. Mauris tempus nulla et magna euismod, pharetra sodales turpis sagittis. In ultricies erat turpis, sit amet venenatis elit malesuada eget. Quisque sodales ante mauris, eget tempus mauris molestie vel. In tristique augue sed quam dignissim, tempor facilisis neque malesuada. In sagittis placerat lectus, nec mattis felis aliquam eu. Lorem ipsum dolor sit amet, consectetur adipiscing elit. Curabitur vitae rutrum nibh. Maecenas scelerisque risus mauris, in ullamcorper nulla cursus ut. Integer a pharetra elit, vel pellentesque lectus. Ut erat tortor, euismod vel massa non, fringilla auctor neque.</p> ",
                "time": "1:33pm",
                "datetime" : "Today at 1:33pm",
                "from": "David Nester",
                "dp": "assets/img/profiles/avatar.jpg",
                "dpRetina": "assets/img/profiles/avatar2x.jpg",
                "color": "b-primary"
            }, {
                "id": 9,
                "subject": "Aliquam est tellus, fringilla egestas fermentum quis",
                "to": ["John Doe", "Anne Simons"],
                "body": "<p> Donec metus ligula, cursus ut auctor ac, faucibus et eros. Mauris nec adipiscing purus, sollicitudin fermentum nunc. Nullam et elementum lectus. Duis lobortis commodo tellus quis rutrum. In sed interdum mauris. Vestibulum interdum dolor porta nisl faucibus, vitae convallis nisi hendrerit. Donec lacinia mauris nec erat elementum, adipiscing consectetur lorem egestas. Vivamus condimentum odio vel imperdiet sagittis. </p> ",
                "time": "1:33pm",
                "datetime" : "Today at 1:33pm",
                "from": "David Nester",
                "dp": "assets/img/profiles/avatar.jpg",
                "dpRetina": "assets/img/profiles/avatar2x.jpg",
                "color": "b-primary"
            }, {
                "id": 10,
                "subject": "Aliquam est tellus, fringilla egestas fermentum quis",
                "to": ["John Doe", "Anne Simons"],
                "body": "<p> Lorem ipsum dolor sit amet, consectetur adipiscing elit. Morbi sodales, velit at laoreet hendrerit, tellus dui aliquet est, ac cursus velit erat et est. Quisque vitae tortor nibh. Aliquam ornare, augue ac pulvinar euismod, mi felis cursus nisl, non ultrices lacus turpis sit amet lacus. Vestibulum in lacus ut augue tincidunt lobortis id quis mauris. Morbi at fringilla lectus, non consectetur ante. Duis eleifend quis eros eu vulputate. Praesent sit amet dolor eros. Ut aliquam eros sed ante facilisis, ac venenatis diam feugiat.</p><p>Phasellus est massa, luctus eget volutpat id, semper nec elit. Nam ligula nunc, pharetra ac sodales porta, consectetur in est. Suspendisse mauris mauris, sagittis eu tristique ac, lacinia sed nisl. Nulla ut eros ac erat dignissim pellentesque sit amet ut tellus. Nunc at risus sed lacus commodo fringilla. Curabitur laoreet condimentum facilisis. Donec eget pellentesque massa. ",
                "time": "1:33pm",
                "datetime" : "Today at 1:33pm",
                "from": "David Nester",
                "dp": "assets/img/profiles/avatar.jpg",
                "dpRetina": "assets/img/profiles/avatar2x.jpg",
                "color": "b-success"
            }]
        },{
            "group": "Yesterday April 22 ",
            "list": [{
                "id": 11,
                "subject": "Aliquam est tellus, fringilla egestas fermentum quis",
                "to": ["John Doe", "Anne Simons"],
                "body": "<p>Lorem ipsum dolor sit amet, consectetur adipiscing elit. Morbi sodales, velit at laoreet hendrerit, tellus dui aliquet est, ac cursus velit erat et est. Quisque vitae tortor nibh. Aliquam ornare, augue ac pulvinar euismod, mi felis cursus nisl, non ultrices lacus turpis sit amet lacus. Vestibulum in lacus ut augue tincidunt lobortis id quis mauris. Morbi at fringilla lectus, non consectetur ante. Duis eleifend quis eros eu vulputate. Praesent sit amet dolor eros. Ut aliquam eros sed ante facilisis, ac venenatis diam feugiat.</p><p>Phasellus est massa, luctus eget volutpat id, semper nec elit. Nam ligula nunc, pharetra ac sodales porta, consectetur in est. Suspendisse mauris mauris, sagittis eu tristique ac, lacinia sed nisl. Nulla ut eros ac erat dignissim pellentesque sit amet ut tellus. Nunc at risus sed lacus commodo fringilla. Curabitur laoreet condimentum facilisis. Donec eget pellentesque massa.</p> ",
                "time": "1:33pm",
                "datetime" : "Today at 1:33pm",
                "from": "David Nester",
                "dp": "assets/img/profiles/b.jpg",
                "dpRetina": "assets/img/profiles/b2x.jpg",
                "color": "b-warning"
            }, {
                "id": 12,
                "subject": "Aliquam est tellus, fringilla egestas fermentum quis",
                "to": ["John Doe", "Anne Simons"],
                "body": "<p>Aliquam est tellus, fringilla egestas fermentum quis, venenatis eu massa. Curabitur aliquet id metus a molestie. Phasellus porta, tellus id tempor condimentum, risus risus ullamcorper augue, in cursus libero enim sit amet purus. Vivamus nunc turpis, auctor quis consequat vitae, eleifend vitae risus. Vivamus vel facilisis lacus, nec semper felis. Aenean suscipit eget magna id ullamcorper. Ut dignissim in ligula eu accumsan. Donec tempus pretium leo aliquet pharetra. Etiam neque metus, varius non velit sit amet, consequat cursus dolor. Praesent leo odio, iaculis a quam at, venenatis adipiscing neque. Lorem ipsum dolor sit amet, consectetur adipiscing elit. Donec eget nibh nec urna laoreet mollis. Nullam pharetra, tortor quis dignissim vulputate, ante elit viverra quam, nec congue diam tellus vel sem. Morbi aliquam tincidunt enim sit amet venenatis. Nulla ut est pharetra enim varius tempor.</p> ",
                "time": "1:33pm",
                "datetime" : "Today at 1:33pm",
                "from": "David Nester",
                "dp": "assets/img/profiles/avatar.jpg",
                "dpRetina": "assets/img/profiles/avatar2x.jpg",
                "color": "b-success"
            }, {
                "id": 13,
                "subject": "Aliquam est tellus, fringilla egestas fermentum quis",
                "to": ["John Doe", "Anne Simons"],
                "body": "<p> Morbi mauris dui, sollicitudin ut ipsum nec, porta malesuada justo. In eget tempor lacus. In dapibus, mi id tempor mattis, orci dolor hendrerit mauris, a aliquam purus tellus id ipsum. Praesent id turpis metus. Mauris tempus nulla et magna euismod, pharetra sodales turpis sagittis. In ultricies erat turpis, sit amet venenatis elit malesuada eget. Quisque sodales ante mauris, eget tempus mauris molestie vel. In tristique augue sed quam dignissim, tempor facilisis neque malesuada. In sagittis placerat lectus, nec mattis felis aliquam eu. Lorem ipsum dolor sit amet, consectetur adipiscing elit. Curabitur vitae rutrum nibh. Maecenas scelerisque risus mauris, in ullamcorper nulla cursus ut. Integer a pharetra elit, vel pellentesque lectus. Ut erat tortor, euismod vel massa non, fringilla auctor neque.</p> ",
                "time": "1:33pm",
                "datetime" : "Today at 1:33pm",
                "from": "David Nester",
                "dp": "assets/img/profiles/avatar.jpg",
                "dpRetina": "assets/img/profiles/avatar2x.jpg",
                "color": "b-danger"
            }, {
                "id": 14,
                "subject": "Aliquam est tellus, fringilla egestas fermentum quis",
                "to": ["John Doe", "Anne Simons"],
                "body": "<p> Donec metus ligula, cursus ut auctor ac, faucibus et eros. Mauris nec adipiscing purus, sollicitudin fermentum nunc. Nullam et elementum lectus. Duis lobortis commodo tellus quis rutrum. In sed interdum mauris. Vestibulum interdum dolor porta nisl faucibus, vitae convallis nisi hendrerit. Donec lacinia mauris nec erat elementum, adipiscing consectetur lorem egestas. Vivamus condimentum odio vel imperdiet sagittis. </p> ",
                "time": "1:33pm",
                "datetime" : "Today at 1:33pm",
                "from": "David Nester",
                "dp": "assets/img/profiles/avatar.jpg",
                "dpRetina": "assets/img/profiles/avatar2x.jpg",
                "color": "b-success"
            }, {
                "id": 15,
                "subject": "Aliquam est tellus, fringilla egestas fermentum quis",
                "to": ["John Doe", "Anne Simons"],
                "body": "<p> Lorem ipsum dolor sit amet, consectetur adipiscing elit. Morbi sodales, velit at laoreet hendrerit, tellus dui aliquet est, ac cursus velit erat et est. Quisque vitae tortor nibh. Aliquam ornare, augue ac pulvinar euismod, mi felis cursus nisl, non ultrices lacus turpis sit amet lacus. Vestibulum in lacus ut augue tincidunt lobortis id quis mauris. Morbi at fringilla lectus, non consectetur ante. Duis eleifend quis eros eu vulputate. Praesent sit amet dolor eros. Ut aliquam eros sed ante facilisis, ac venenatis diam feugiat.</p><p>Phasellus est massa, luctus eget volutpat id, semper nec elit. Nam ligula nunc, pharetra ac sodales porta, consectetur in est. Suspendisse mauris mauris, sagittis eu tristique ac, lacinia sed nisl. Nulla ut eros ac erat dignissim pellentesque sit amet ut tellus. Nunc at risus sed lacus commodo fringilla. Curabitur laoreet condimentum facilisis. Donec eget pellentesque massa. ",
                "time": "1:33pm",
                "datetime" : "Today at 1:33pm",
                "from": "David Nester",
                "dp": "assets/img/profiles/avatar.jpg",
                "dpRetina": "assets/img/profiles/avatar2x.jpg",
                "color": "b-info"
            }]
        }

    ]
}